grid_id,area_km2
0,100452.719936
1,140443.4857635
2,304571.7278995
3,155846.261587
4,4319.1090535
5,183019.306533
6,277342.202499
7,0.0
8,207337.0986675
9,582382.915722
10,255494.6592315
11,0.0
12,5105.9929445
13,31498.773234
14,263851.0776095
15,753207.0765205
16,526037.599472
17,243386.001881
18,53516.0367095
19,228524.044551
20,573176.1423585
21,2052.772346
22,22051.353149
23,769.133497
24,650062.9427835
25,795644.8310825
26,240045.20131
27,71484.91118
28,0.0
29,39.7943225
30,3655.2931165
31,27665.9357535
32,0.0
33,155322.7025165
34,909336.9819035
35,871325.422548
36,472263.2215245
37,2343.011225
38,0.0
39,789056.243465
40,413897.729889
41,200278.446035
42,39084.5768875
43,122678.544163
44,1883.296657
45,463677.3563765
46,0.0
47,0.0
48,26317.887396
49,29663.868076
50,2990.111622
51,2461.7696815
52,79054.449552
53,284650.40393
54,1793.949789
55,308708.7002635
56,89739.999003
57,19997.575789
58,0.0
59,0.0
60,25823.1539615
61,43227.896196
62,321366.008769
63,0.0
64,121894.406781
65,21341.063144
66,0.0
67,0.0
68,0.0
69,96209.9367665
70,0.0
71,243673.9100915
72,90181.9001485
73,153799.041386
74,75955.9830265
75,2326.4027825
76,0.0
77,132.3980275
78,70104.120837
79,0.0
80,0.0
81,293190.0035655
82,293677.0505565
83,58631.88474
84,990.8540075
85,126192.661902
86,226530.426707
87,149298.0947645
88,93228.408439
89,4504.615367
90,321.981851
91,1719.70004
92,53878.2140405
93,242737.7630235
94,67137.670008
95,5880.434171
96,1818.258707
97,9828.801943
98,0.0
99,0.0
100,67630.3247585
101,82681.8692275
102,50855.493856
103,1185.94515
104,28115.719678
105,3283.4867395
106,42454.1553185
107,97804.105026
108,49396.8682905
109,1373.4405825
110,0.0
111,0.0
112,0.0
113,0.0
114,5446.537218
115,161309.8698915
116,0.0
117,0.6894255
118,89653.862589
119,60812.451228
120,79329.6288185
121,0.0
122,0.0
123,25217.416719
124,15373.9707545
125,0.0
126,0.0
127,41424.3352155
128,9235.5803675
129,12311.45287
130,70338.6888675
131,2803.3690385
132,398953.8643095
133,0.0
134,3680.027837
135,13710.5158415
136,10095.121308
137,41894.0055935
138,0.0
139,0.0
140,0.0
141,0.0
142,640561.451378
143,261221.81358
144,210038.35267
145,1706.252474
146,417502.438244
147,15949.931188
148,446.796661
149,0.0
150,22082.168763
151,12463.0406155
152,0.0
153,118.469186
154,193692.399172
155,39814.4865125
156,83564.577608
157,238807.78547
158,12072.104805
159,15589.918069
160,63278.0768485
161,10565.3643915
162,0.0
163,8044.294385
164,7850.5033515
165,360748.773064
166,206929.2920175
167,369566.067088
168,207011.576189
169,0.0
170,6298.6714485
171,0.0
172,2621.638455
173,50072.298483
174,99557.6391865
175,221831.1057175
176,5443.024002
177,50.717268
178,78559.917646
179,0.0
180,232.2024945
181,509.028768
182,0.0
183,0.0
184,6559.0739815
185,124747.6891675
186,149961.236025
187,21083.311245
188,3638.3501165
189,9562.297039
190,9277.3308065
191,29659.1786625
192,38585.478905
193,3231.198521
194,0.0
195,0.0
196,10513.24177
197,105297.927251
198,73123.575949
199,38669.4506715
200,0.0
201,33122.5114495
202,0.0
203,0.0
204,0.0
205,0.0
206,0.0
207,0.0
208,0.0
209,10341.2643695
210,24054.364262
211,37860.118853
212,84363.740625
213,16852.057852
214,81219.2573445
215,11800.2689205
216,19743.1362845
217,0.0
218,0.0
219,0.0
220,0.0
221,135.443363
222,73632.4298555
223,12541.9378365
224,53382.8990215
225,1920.8155765
226,15309.7514595
227,1682.9744815
228,170822.070217
229,0.0
230,13893.860008
231,93139.422173
232,176669.382235
233,2204.4517485
234,40.9481905
235,49471.4452285
236,6284.2956575
237,16.2021525
238,4092.9579115
239,0.0
240,7681.156238
241,43608.642819
242,431453.553458
243,45.8514105
244,11219.389149
245,297388.7988085
246,11204.532895
247,0.0
248,67321.0786325
249,33679.052137
250,2393.691556
251,73855.660688
252,0.0
253,44891.3674035
254,147306.3896325
255,129149.9014965
256,0.0
257,0.0
258,0.0
259,0.0
260,0.0
261,2662.869597
262,21181.917199
263,0.0
264,0.0
265,0.0
266,40967.8098825
267,190594.4059035
268,350101.5040125
269,180442.3164
270,0.0
271,320.6685855
272,748.1338265
273,65.84471
274,0.0
275,0.0
276,0.0
277,0.0
278,12653.201088
279,0.0
280,73876.8774015
281,68650.525393
282,0.0
283,2004.3762935
284,967.167744
285,8035.4241595
286,0.0
287,0.0
288,0.0
289,7776.656276
290,224479.623522
291,226481.8047985
292,8933.890507
293,15362.4409255
294,2144.6037235
295,10531.114041
296,0.0
297,0.0
298,0.0
299,3436.7430115
300,0.0
301,0.0
302,8168.7992585
303,16483.4529605
304,52650.2976645
305,26132.3591275
306,2855.9651325
307,4023.6246575
308,0.0
309,0.0
310,0.0
311,1713.3702055
312,1339.149418
313,51301.2692895
314,57021.616881
315,45154.555196
316,29703.2086875
317,12293.2456955
318,33053.1275305
319,5146.2150175
320,4178.188773
321,435.624916
322,634.932077
323,0.0
324,0.0
325,48731.690162
326,0.0
327,51379.8489155
328,99183.1374865
329,81425.6512
330,101558.397844
331,26319.458081
332,7597.898027
333,25658.762913
334,3153.492716
335,0.0
336,0.0
337,20812.981768
338,29126.9421675
339,0.0
340,23486.260999
341,67109.40027
342,101686.2231175
343,445647.533805
344,0.0
345,31170.37312
346,59441.2964905
347,11907.101344
348,5229.933915
349,6257.8335675
350,116056.039054
351,4973.791979
352,77824.559375
353,237016.1453575
354,50050.6036115
355,60.0359495
356,13936.9545375
357,118085.6508785
358,187456.9390005
359,97392.398955
360,17478.6096445
361,1083.439934
362,38092.530853
363,34062.4936745
364,37637.8311715
365,23925.4208705
366,349277.7381995
367,385321.7455055
368,2678.3446295
369,0.0
370,0.0
371,0.0
372,4.266699
373,0.4476905
374,11029.9338155
375,29274.365284
376,150826.7613425
377,92640.9353225
378,46069.788067
379,575501.6872725
380,224352.1620625
381,0.0
382,0.0
383,6509.970386
384,231558.1634105
385,177166.351037
386,11695.899744
387,2409.3282675
388,63595.1141895
389,14295.4765275
390,150402.6528135
391,102882.315298
392,10680.4201455
393,194.1527035
394,0.0
395,0.0
396,0.0
397,49534.0972565
398,52174.7456445
399,0.0
400,3101.5845465
401,6889.0578845
